"Persona 1","Persona 2","Tipo"
"Santelices","Ximena Aguilera","positivo"
"Gabriel Boric","Deseo","positivo"
"Gabriel Boric","Javier Milei","neutral"
"Francisco Solar","Mónica Caballero","negativo"
"Evelyn Matthei","Expresidenta Bachelet","negativo"
"Gabriel Boric","Miguel Crispi","positivo"
"Castro","Carlos Montes","negativo"
"Tensión","Ivon Aguilera","neutral"
"Exs Paulina Veloso","Ana Lya Uriarte","neutral"
"Luis Tranamil","Eugenio Naín","neutral"
"Plebiscito","J.A. Kast","neutral"
"Camila Vallejo","Carlos Contreras","neutral"
"Luis Hermosilla","Leonarda Villalobos","neutral"
"Signos","Luis Hermosilla","negativo"
"Pedro Barrientos","Víctor Jara","neutral"
"Axel Callís","Caso Hermosilla","neutral"
"Senador Insulza","Kissinger","neutral"
"Kissinger","Rojo Edwards","neutral"
"Luis Hermosilla","Sauerbaum","negativo"
"Eduardo Frei","Factop","neutral"
"Camila Vallejo","Lagos Weber","neutral"
"Cristián Vargas","J.D Montalva","neutral"
"Lagos Weber","Camila Vallejo","neutral"
"Luis Hermosilla","Jaime Guzmán","negativo"
"José De Gregorio","Gabriel Boric","negativo"
"Claudio Fuentes","Carolina Leitao","neutral"
"Economista Claudio Agostini","Luis Hermosilla","negativo"
"Mejor Niñez","Yasna Provoste","positivo"
"Gabriel Boric","Javier Milei","neutral"
"Sebastián Piñera","Javier Milei","positivo"
"Cordero","Caso Hermosilla","neutral"
"Gabriel Boric","Javier Milei","neutral"
"Hacienda del Senado","Luis Hermosilla","neutral"
"Luis Hermosilla","Leonarda Villalobos","positivo"
"Leonarda Villalobos","Luis Hermosilla","neutral"
"Expresidenta Bachelet","Catalina Lagos","positivo"
"Jouannet","Matías Meza-Lopenhandía","neutral"
"Gabriel Boric","Luis Hermosilla","neutral"
"Cordero","Luis Hermosilla","negativo"
"Marcela Vacarezza","Luis Hermosilla","neutral"
"Luis Hermosilla","Miguel Crispi","negativo"
"Gabriel Boric","Felipe Kast","negativo"
"Gabriel Boric","Joan Jara","neutral"
"Javiera Martínez","Presupuesto","neutral"
"Jorge Molina","Chile Narco","negativo"
"Joan Jara","Víctor Jara","negativo"
"Beatriz Hevia","Camila Vallejo","negativo"
"Michelle Bachelet","Sergio Massa","neutral"
"Sebastián Piñera","Javier Milei","positivo"
"Catalina Pérez","Latorre","neutral"
"Marcos Barraza","Gabriel Boric","negativo"
"Tensión","Sergio Micco","negativo"
"Tere Marinovic","Felipe Kast","negativo"
"Ricardo Solari","Camila Miranda","positivo"
"Matías Meza-Lopenhandía","Gabriel Boric","positivo"
"Lagos Weber","Matías Walker","negativo"
"Adriana Delpiano","Héctor Sánchez","neutral"
"Matías Meza-Lopenhandía","Gabriel Boric","neutral"
"Matías Meza-Lopenhandía","Gabriel Boric","neutral"
"Matías Meza-Lopenhandía","Gabriel Boric","positivo"
"Ricardo Lagos","Michelle Bachelet","neutral"
"Javier Couso","José Piñera","neutral"
"Bernardo Larraín","Catalina Lagos","neutral"
"Marco Moreno","Cristián Leporati","neutral"
"Rodrigo Arellano","Jorge Correa Sutil","neutral"
"Iván Moreira","Felipe Kast","neutral"
"Gabriel Boric","Joe Biden","neutral"
"Gloria Hutt","Amarillos","positivo"
"Eric Aedo","Leonardo Soto","neutral"
"Gabriel Boric","Mario Ignacio Artaza","neutral"
"Papa Francisco","Fernando Chomalí","neutral"
"Marta Lagos","Clarisa Hardy","neutral"
"Juan Diego Montalva","Cristóbal Bellolio","neutral"
"Expresidenta Bachelet","Carlos Lorca Tobar","positivo"
"Gabriel Boric","Mahmud Abás","neutral"
"Embajador Artzyeli","Subsecretario Monsalve","neutral"
"Daniel Grimaldi","Sebastián Piñera","negativo"
"Camila Vallejo","Miguel Crispi","positivo"
"Vlado Mirosevic","Jaime Guzmán","negativo"
"Gabriel Boric","Xi Jinping","positivo"
"María Olivia Mönckeberg","Opus Dei","neutral"
"Ricardo Martínez Menanteau","Gonzalo Pinochet","neutral"
"Gabriel Boric","Xi Jinping","neutral"
"Formalizarán","Piñera Felipe Bulnes","neutral"
"Arrau","flaite","negativo"
"Exmilitar Pedro Barrientos","Víctor Jara","neutral"
"Paula Cortés","Raúl Soto","neutral"
"Humo","Comisión Experta","neutral"
"Camila Vallejo","Matías Meza-Lopenhandía","neutral"
"Jacques Chonchol","Salvador Allende","negativo"
"Mijael Carvones","Ercilla","negativo"
"Casa Barnes","Gonzalo Pinochet","neutral"
"Matías Meza-Lopenhandía","Camila Vallejo","positivo"
"Bulnes","Gabriel Boric","negativo"
"Evelyn Matthei","Felipe Kast","negativo"
"Santa Mónica","Irací Hassler","neutral"
"Ex Ríos","Sebastián Piñera","negativo"
"Gabriel Boric","Plan Nacional","neutral"
"Flavio Quezada","Gonzalo Pinochet","positivo"
"Gabriel Boric","Orlando Letelier","negativo"
"Joan Garcés","Salvador Allende","positivo"
"Gabriel Boric","Salvador Allende","positivo"
"Cristián Warnken","Felipe Kast","neutral"
"Rodrigo Castillo","Iván Weissman","neutral"
"Edgardo Riveros","Cristián Leporati","neutral"
"Matías Meza-Lopenhandía","Gabriel Boric","neutral"
"José I. Núñez","Alejandro Alarcón","neutral"
"Gabriel Boric","Plan de Búsqueda","positivo"
"Gabriel Boric","Giorgio Jackson","neutral"
"Tironi","Jaime Guzmán","negativo"
"Gabriel Boric","Ortega","neutral"
"Magdalena Vergara","Álvaro Ramis","neutral"
"Pedro Ramírez","Salvador Allende","negativo"
"María Antonieta Saa","Ricardo Hormazábal","neutral"
"Isabel Allende","Hortensia Bussi","neutral"
"Mandatario","Salvador Allende","neutral"
"Ex s","Baltasar Garzón","negativo"
"Gabriel Boric","Salvador Allende","positivo"
"Eugenio Berríos","Gonzalo Pinochet","positivo"
"Economista Guillermo Larraín","Gonzalo Pinochet","negativo"
"Consejero Silva","Camila Vallejo","positivo"
"Gabriel Boric","Frei Ruiz-Tagle","neutral"
"Magdalena Vergara","Álvaro Ramis","neutral"
"Felipe Kast","Rechazo","positivo"
"Gabriel Boric","Ricardo Lagos","neutral"
"Edgardo Riveros","Gómez","neutral"
"Hernán Larraín Matte","Eduardo Silva","neutral"
"Carlos Contreras","Daniel Andrade","negativo"
"Rodrigo Castillo","Andrés Mena","neutral"
"Philippe Sands","Gonzalo Pinochet","negativo"
"Gabriel Boric","Guillermo Teillier","negativo"
"Gabriel Boric","Guillermo Teillier","neutral"
"Príncipe","PC Guillermo Teillier","negativo"
"Evelyn Matthei","Felipe Kast","neutral"
"Gabriel Salazar","Salvador Allende","neutral"
"Víctor Jara","Operación Cóndor","neutral"
"Subsecretaria Nicole Cardoch","Gobierno","neutral"
"Hugo Herrera","Juan Diego Montalva","neutral"
"Paulina Núñez","Rodrigo Galilea","neutral"
"Campos","Expresidenta Bachelet","neutral"
"Camilo Escalona","Salvador Allende","neutral"
"Matías Meza-Lopenhandía","Frei Ruiz-Tagle","neutral"
"Escultor Óscar Plandiura","Baquedano","positivo"
"Isapres","Tercera Sala","negativo"
"Desbordes","Chávez","neutral"
"Correa Sutil","Onofre Jarpa","positivo"
"Aldo Cassinelli","Jorge Correa Sutil","neutral"
"Lucía Miranda","Javier Milei","positivo"
"Evelyn Matthei","Nicolás Cataldo","positivo"
"Axel Kaiser","Javier Milei","neutral"
"Gabriel Boric","Sebastián Piñera","positivo"
"Felipe Kast","Javier Milei","positivo"
"Gabriel Boric","Sergio Onofre Jarpa","negativo"
"Giorgio Jackson","Fidel Espinoza","neutral"
"Gabriel Boric","Giorgio Jackson","positivo"
"Jaque al Rey","Giorgio Jackson","neutral"
"Expresidenta Bachelet","Gabriel Boric","neutral"
"Schneider","León Cosmelli","neutral"
"Diego Ibáñez","Juan Sutil","neutral"
"Subsecretario Monsalve","Gobernador","positivo"
"Axel Kaiser","De La Carrera","neutral"
"Jaime Huincahue","Sebastián Piñera","positivo"
"Diputada Fries","Giorgio Jackson","neutral"
"Gabriel Boric","Cordero","neutral"
"Sebastián Piñera","Evelyn Matthei","negativo"
"Ricardo Raphael","Alberto Undurraga","neutral"
"Oposición  Macaya","Gabriel Boric","negativo"
"Isabel Orellana","Mujer","negativo"
"Camila Vallejo","De Gregorio","positivo"
"Franco Parisi","Gaspar Rivas","positivo"
"Marcela Vacarezza","Luis Hermosilla","neutral"
"Miguel Crispi","Luis Hermosilla","neutral"
"Jorge Sharp","Gabriel Boric","neutral"
"Pepe Auth","Javier Milei","positivo"
"Raúl Sohr","Sergio Massa","neutral"
"Carla Carrizo","Graciela Camaño","neutral"
"Camila Vallejo","Javiera Martínez","neutral"
"Gonzalo Winter","Felipe Kast","positivo"
"Van Klaveren","Camila Vallejo","neutral"
"Paulina Vodanovic","Gabriel Boric","positivo"
"Cecilia Pérez","Rodolfo Carter","neutral"
"Gabriel Boric","Evelyn Matthei","positivo"
"Felipe Kast","Evelyn Matthei","negativo"
"Ignacio Moreno","Michelle Bachelet","negativo"
"Paulina Núñez","Felipe Kast","positivo"
"Solís","Amarillos","neutral"
"Alessandri","Evelyn Matthei","positivo"
"Irina Karamanos","Marcela Vacarezza","neutral"
"Gabriel Boric","Sebastián Piñera","negativo"
"Paulina Núñez","Rodrigo Galilea","positivo"
"Rodrigo Galilea","Paulina Núñez","positivo"
"Gabriel Boric","Sebastián Piñera","neutral"
"Gabriel Boric","Orlando Letelier","positivo"
"Hernán Larraín Matte","Gabriel Boric","neutral"
"Gabriel Boric","Guillermo Teillier","neutral"
"Camila Vallejo","Sebastián Piñera","neutral"
"Carolina Tohá","Sebastián Piñera","positivo"
"Gloria Hutt","Nicolás Cataldo","neutral"
"Rodolfo Carter","Subsecretario Monsalve","negativo"
"Mónica Rincón","Carolina Arredondo","negativo"
"Expresidenta Bachelet","Jamás","negativo"
"Paulina Núñez","Rodrigo Galilea","neutral"
"Chile Vamos","Gabriel Boric","neutral"
"Gabriel Boric","Sebastián Piñera","neutral"
"Carolina Tohá","Carlos Larraín","negativo"
"Juan Sutil","Diego Ibáñez","negativo"
"Amarillos","Sebastián Piñera","negativo"
"Carolina Tohá","Giorgio Jackson","neutral"
"Paulina Vodanovic","Castro","positivo"
"Irina Karamanos","Andrea Gutiérrez","negativo"
"Bukele","Gabriel Boric","neutral"
"Carmen Hertz","Cicardini","neutral"
"Sebastián Piñera","Gabriel Boric","neutral"
"Sebastián Piñera","Giorgio Jackson","neutral"
"Senador Macaya","Giorgio Jackson","negativo"
"Subsecretario Monsalve","Giorgio Jackson","neutral"
"Álvaro Elizalde","Giorgio Jackson","negativo"
"Pedro Sánchez","Raúl Sohr","neutral"
"Camila Vallejo","Giorgio Jackson","neutral"
"Oposición  Macaya","Bianchi","neutral"
"Bianchi","Oposición  Macaya","negativo"
"Paulina Vodanovic","Evelyn Matthei","positivo"
"Axel Kaiser","Felipe Kast","negativo"
"Camila Vallejo","Gabriel Boric","negativo"
"Ignacio Moreno","Giorgio Jackson","negativo"
"Flavia Torrealba","Giorgio Jackson","neutral"
"Carlos Larraín","Disputará","negativo"
"Catalina Pérez","Camila Vallejo","neutral"
"Raúl Sohr","Bukele","neutral"
"Hugo Herrera","Giorgio Jackson","neutral"
"Berlusconi","Trump","neutral"
"Evelyn Matthei","Augusto Pinochet","negativo"
"Celis","Ivon Aguilera","neutral"
"Rodolfo Carter","Gabriel Boric","neutral"
"Camila Vallejo","Natalia Piergentili","neutral"
"Oyarzo","Franco Parisi","positivo"
"Carolina Tohá","Andrés Longton","neutral"
"Jorge Sharp","Camilo Escalona","neutral"
"Carmen Hertz","Carolina Tohá","neutral"
"Juan Sutil","Natalia Piergentili","neutral"
"Juan Sutil","Diego Ibáñez","negativo"
"Duele","Luis Silva","neutral"
"Sebastián Silva","Luis Silva","neutral"
"Diego Ibáñez","Juan Sutil","negativo"
"Esteban Paredes","Jaime Ravinet","neutral"
"Sebastián Sichel","José Antonio Kast","negativo"
"Juan Antonio Coloma","Matilde Burgos","positivo"
"Gabriel Boric","Oposición  Macaya","neutral"
"Jorge Burgos","Amarillos","positivo"
"Paulina Vodanovic","Álvaro Elizalde","neutral"
"Ximena Rincón","Juan Sutil","neutral"
"Sebastián Sichel","Gabriel Boric","negativo"
"Federica Sánchez","Alberto Fernández","negativo"
"Ricardo Lagos","Jaime Ravinet","positivo"
"Expresidenta Bachelet","Álvaro Elizalde","neutral"
"Vlado Mirosevic","Jacinta: Busca","positivo"
"Pamela Jiles","Franco Parisi","positivo"
"Irací Hassler","Paulina Vodanovic","negativo"
"Giorgio Jackson","Vicente","neutral"
"Fidel Espinoza","Giorgio Jackson","negativo"
"Evelyn Matthei","Camila Vallejo","neutral"
"Evelyn Matthei","Gabriel Boric","positivo"
"Alberto Fernández","ME-O","neutral"
"Guillermo Teillier","Estoy","positivo"
"Diputada Jiles","Uriarte","neutral"
"General Yáñez","cabo Salazar","neutral"
"Uriarte","Pamela Jiles","neutral"
"Ricardo Yáñez","Orsini-Valdivia","neutral"
"Camila Vallejo","Gonzalo de la Carrera","neutral"
"Uriarte","Matías Meza-Lopenhandía","neutral"
"Isabel Orellana","Orsini-Valdivia","negativo"
"Ex Vega","Héctor Llaitul","neutral"
"Gabriel Boric","Aníbal Palma","negativo"
"Paulina Vodanovic","Antonia Urrejola","negativo"
"Frei Ruiz-Tagle","Mónica Rincón","negativo"
"Tomás Duval","Gabriel Boric","neutral"
"Gabriel Boric","nuestro Chilito","positivo"
"Sofofa","Gabriel Boric","negativo"
"Rodolfo Carter","Matías Meza-Lopenhandía","positivo"
"Iván Moreira","Urruticoechea","neutral"
"Felipe Kast","Rojo Edwards","negativo"
"Exministro Jaime Mañalich","Amarillos","neutral"
"Juan Sutil","Amarillos","neutral"
"Marcela Vacarezza","Dominga","positivo"
"Evelyn Matthei","José Antonio Kast","neutral"
"Uriarte","Tohá-Girardi","neutral"
"Ricardo Lagos","Gabriel Boric","positivo"
"Karol Cariola","Federica Sánchez","negativo"
"Gabriel Boric","Matías Meza-Lopenhandía","positivo"
"Marcela Ríos","Giorgio Jackson","neutral"
"Pancho Malo","Oposición  Macaya","negativo"
"Javier Macaya","Pancho Malo","negativo"
"Pdte","Gabriel Boric","neutral"
"Juan Guaidó","Nicolás Maduro","neutral"
"Muñoz","Sebastián Piñera","neutral"
"Iván Moreira","Marta Herrera","negativo"
"Isabel Orellana","Ángel Valencia","neutral"
"Catalina Lagos","Frei Ruiz-Tagle","positivo"
"Gaspar Rivas","Ahumada y Pino","neutral"
"Belisario Velasco","Gabriel Boric","neutral"
"Iván Flores","Amarillos","positivo"
"Karol Cariola","Cristina Fernández","neutral"
"Jaime Naranjo","Sauerbaum","neutral"
"Patricia Hidalgo","Camila Vallejo","negativo"
"Fuad Chahin","Verónica Undurraga","negativo"
"Catalina Lagos","Gonzalo Pinochet","negativo"
"Gabriel Boric","Patricio Aylwin","positivo"
"Gaspar Rivas","PDG Ahumada","neutral"
"Isabel Orellana","Evelyn Matthei","neutral"
"Pulso Ciudadano","Gabriel Boric","neutral"
"Evelyn Matthei","Gabriel Boric","neutral"
"Catalina Pérez","Vlado Mirosevic","neutral"
"Fuad Chahin","Verónica Undurraga","negativo"
"Xi Jinping","Gabriel Boric","positivo"
"Camila Vallejo","Iván Moreira","negativo"
"Pdte","Gabriel Boric","positivo"
"Felipe Kast","Gabriel Boric","positivo"
"Franco Parisi","Vlado Mirosevic","negativo"
"Uriarte","De la Carrera","negativo"
"Eric Aedo","Uriarte","neutral"
"Gaspar Rivas","Gubernatti","negativo"
"Naveillán","Vlado Mirosevic","negativo"
"Ignacio Walker","Renuncio","negativo"
"Gloria Hutt","Karol Cariola","positivo"
"AMLO","Gabriel Boric","positivo"
"Miguel Díaz-Canel","Orrego","neutral"
"Rodolfo Carter","Franco Parisi","negativo"
"Gabriel Boric","Lula","positivo"
"Leonardo Soto","Karol Cariola","positivo"
"Daniel Jadue","Apruebo Dignidad","negativo"
"Gabriel Boric","Mauricio Hurtado","neutral"
"Matías Walker","Amarillos","neutral"
"Guillermo Ramírez","Diego Ibáñez","neutral"
"Carrera","Pancho Malo","neutral"
"Franco Parisi","Gobierno","negativo"
"Amarillos","Cristián Warnken","positivo"
"Subsecretario Monsalve","Gabriel Boric","neutral"
"Desbordes","Sebastián Piñera","negativo"
"Oposición  Macaya","Gabriel Boric","neutral"
"Lagos Weber","Giorgio Jackson","neutral"
"Pablo Chill-E","Pancho Malo","negativo"
"Chile Vamos","Antonia Urrejola","negativo"
"Camila Vallejo","Nain-Retamal","negativo"
"Castro","Pancho Malo","neutral"
"Gabriel Boric","Nain-Retamal","positivo"
"Karen Poniachik","Expresidenta Bachelet","negativo"
"Daniel Jadue","Gabriel Boric","neutral"
"De la Carrera","Schneider","neutral"
"Diego Ibáñez","Miguel Bustamante","positivo"
"Cristián Warnken","Amarillos","neutral"
"Carolina Tohá","Katherine Martorell","negativo"
"Ortega","Gabriel Boric","negativo"
"Antonia Urrejola","Belisario Velasco","positivo"
"Álvaro Elizalde","Pancho Malo","positivo"
"Katherine Martorell","Gabriel Boric","neutral"
"Katherine Martorell","Dammert","negativo"
"Gloria Hutt","Cruz-Coke","positivo"
"Ex  Vega","Héctor Llaitul","positivo"
"Pablo Longueira","Amarillos","positivo"
"Gabriel Boric","Sebastián Piñera","neutral"
"Subsecretario Monsalve","Sebastián Piñera","positivo"
"Lagos Weber","Pdte","positivo"
"Guillermo Teillier","Gabriel Boric","neutral"
"Luis Maira","Gabriel Boric","positivo"
"Minsal","Bernardo Martorell","neutral"
"Ripamonti","Gabriel Boric","neutral"
"Carmen Hertz","Axel Kaiser","negativo"
"Ruth Hurtado","Rojo Edwards","neutral"
"Camila Vallejo","Nicolás Cataldo","neutral"
"Nicolás Cataldo","Miguel Crispi","neutral"
"Karol Cariola","Senadora Núñez","positivo"
"Hugo Gutiérrez","Jesús","neutral"
"Francisco Chahuán","Nicolás Cataldo","neutral"
"Mujer","Sebastián Keitel","neutral"
"Chile Vamos","Gabriel Boric","negativo"
"Sebastián Keitel","Izkia Siches","neutral"
"Natalia Piergentili","Gabriel Boric","positivo"
"Francisco Chahuán","Gabriel Boric","neutral"
"Apruebo Dignidad","Gabriel Boric","positivo"
"Carmen Hertz","Gonzalo de la Carrera ante Fiscalía","negativo"
"Carrera","Gabriel Boric","negativo"
"Celis","Bolsonaro","neutral"
"Rubilar","Ex  Vega","negativo"
"Brunet","Ex  Vega","positivo"
"Hugo Herrera","Héctor Llaitul","neutral"
"Oposición  Macaya","Ex  Vega","neutral"
"Rojo Edwards","Héctor Llaitul","negativo"
"Felipe Harboe","Héctor Llaitul","neutral"
"Flavia Torrealba","Héctor Llaitul","neutral"
"Gabriel Boric","Daniel Jadue","neutral"
"Eduardo Durán","Gonzalo de la Carrera","positivo"
"Karol Cariola","Duele","negativo"
"Carlos Gajardo","Alberto Plaza","neutral"
"Leonardo Soto","Giorgio Jackson","neutral"
"Karol Cariola","Giorgio Jackson","neutral"
"Paulina Vodanovic","Daniel Jadue","positivo"
"Karol Cariola","Pamela Jiles","negativo"
"Gabriel Boric","Gustavo Petro","positivo"
"Pizarro","Bermúdez","neutral"
"Leonardo Soto","Giorgio Jackson","neutral"
"Fiscalía","Cristina Fernández","neutral"
"Gabriel Boric","Giorgio Jackson","neutral"
"Pdte","Gabriel Boric","positivo"
"Gabriel Boric","Fonasa","neutral"
"Felipe Kast","Vlado Mirosevic","neutral"
"Gabriel Boric","Michelle Bachelet","neutral"
"Leonardo Soto","Gabriel Boric","neutral"
"Javiera Toro","Heimlich","negativo"
"Diputada Gazmuri","Coloma","negativo"
"Mónica Rincón","Fuad Chahin","negativo"
"Gabriel Boric","Gustavo Petro","neutral"
"Orsini-Valdivia","Iván Moreira","neutral"
"Paulina Vodanovic","Leonardo Soto","positivo"
"Jorge Correa Sutil","Ricardo Lagos","neutral"
"Mónica Rincón","Fuad Chahin","negativo"
"Eduardo Frei Montalva","Gabriel Boric","neutral"
"Gabriel Boric","Zelensky","positivo"
"Cussen","Ex Cubillos","positivo"
"Atesoramos","Salvador Allende","positivo"
"Gabriel Boric","Luis Sierra","negativo"
"Carlos Gajardo","Gabinete Irina Karamanos","neutral"
"Paulina Vodanovic","Katherine Martorell","neutral"
"Leonardo Soto","Expresidenta Bachelet","positivo"
"Sofofa","Gabriel Boric","neutral"
"Camila Vallejo","Sebastián Piñera","neutral"
"Giorgio Jackson","Felipe Kast","positivo"
"Jaime Naranjo","Carmen Hertz","neutral"
"Gabriel Boric","Lavín","neutral"
"Gabriel Boric","Joe Biden","neutral"
"Luz Poblete","Felipe Kast","neutral"
"Francisco Chahuán","Héctor Llaitul","neutral"
"Gabriel Boric","Emmanuel Macron","positivo"
"Karina Oliva","Fiscalía","negativo"
"Iván Flores","Pensé","negativo"
"Guillermo Teillier","Ex  Vega","neutral"
"Giorgio Jackson","Gabriel Boric","positivo"
"Andrés Longton","Celestino Córdova","neutral"
"Pdte","Gabriel Boric","positivo"
"Carabinero","Nain-Retamal","neutral"
"Fenpruss","Yarza","neutral"
"Gabriel Boric","Oposición  Macaya","positivo"
"Raúl Soto","Giorgio Jackson","neutral"
"Gabriel Boric","Johnson","positivo"
"Sebastián Sichel","José Antonio Kast","positivo"
"Senadora Núñez","Izkia Siches","neutral"
"Camila Vallejo","Ercilla","negativo"
"Camila Vallejo","Daniel Jadue","neutral"
"Raúl Sohr","Lula da Silva","positivo"
"Daniel Jadue","Nicolás Maduro","negativo"
"Cordero","Orsini-Valdivia","positivo"
"s Siches","Daniel Jadue","positivo"
"Gabriel Boric","Daniel Jadue","neutral"
"Daniel Jadue","Gabriel Boric","neutral"
"Gabriel Boric","Irina Karamanos","negativo"
"Desaprobación","Gabriel Boric","neutral"
"Mireya Baltra","Salvador Allende","negativo"
"Antonia Urrejola","Daniel Jadue","neutral"
"María Soledad Font","Gabriel Boric","negativo"
"Tomás Duval","Izkia Siches","neutral"
"Gabriel Boric","Sebastián Piñera","positivo"
"Presidenta de Comunes","Karina Oliva","neutral"
"Fernando Atria","Renato Garín","neutral"
"Renato Garín","Fernando Atria","negativo"
"Gabriel Boric","Víctor Torres","neutral"
"Ximena Rincón","Giorgio Jackson","positivo"
"Daniel Jadue","Bárbara Figueroa","neutral"
"Karol Cariola","Daniel Jadue","positivo"
"Karol Cariola","Bárbara Figueroa","positivo"
"Rojo Edwards","Izkia Siches","positivo"
"Hipotecaron","Chile Vamos","negativo"
"José Antonio Kast","Gabriel Boric","neutral"
"Matías Meza-Lopenhandía","Gabriel Boric","neutral"
"Iván Moreira","Oposición  Macaya","neutral"
"Marco Ávila","Franco Parisi","positivo"
"Pedro Castillo","Gabriel Boric","neutral"
"Rojo Edwards","Álvaro Elizalde","positivo"
"Mamá de Boric","Irina Karamanos","positivo"
"Gabriel Boric","Álvaro Elizalde","positivo"
"Tamayo","Gabriel Boric","neutral"
"Gabriel Boric","Jaime Guzmán","neutral"
"Gabriel Boric","Eyzaguirre","neutral"
"Giorgio Jackson","Esteban Valenzuela","neutral"
"Viralizan","Esteban Valenzuela","positivo"
"Ossa","Camila Vallejo","negativo"
"Mujer","Sebastián Piñera","neutral"
"Camila Vallejo","Gabriel Boric","negativo"
"Schalper","Gabriel Boric","negativo"
"Sebastián Piñera","Marcela Vacarezza","neutral"
"Gabriel Boric","Juan Fernández","neutral"
"Giorgio Jackson","Matías Cox","neutral"
"Bolsonaro","Putin","neutral"
"Carmen Hertz","Galo Eidelstein","negativo"
"Benado","Gabriel Boric","neutral"
"Sebastián Piñera","Andrés Allamand","positivo"
"Camila Flores","Andrés Allamand","neutral"
"Antonia Urrejola","Andrés Allamand","positivo"
"Figuras","Andrés Allamand","neutral"
"Carmen Frei","Gabriel Boric","positivo"
"Gabriel Boric","Iglesias","neutral"
"Subsecretario Pavez","Sebastián Piñera","neutral"
"Pepe Mujica","Gabriel Boric","neutral"
"Salvador Allende","Gabriel Boric","positivo"
"Daniel Jadue","Marcela Vacarezza","neutral"
"Mario Marcel","Gabriel Boric","neutral"
"Cristobal Bellolio","Gabriel Boric","neutral"
"Camila Vallejo","Gabriel Boric","positivo"
"Giorgio Jackson","Apruebo Dignidad","positivo"
"U. Mayor","Gabriel Boric","neutral"
"Karol Cariola","Gabriel Boric","positivo"
"Jorge Burgos","Izkia Siches","neutral"
"Leonor Oyarzún","Patricio Aylwin","negativo"
"Oposición  Macaya","Gabriel Boric","positivo"
"Marta Larraechea","Irina Karamanos","positivo"
"Morel","Irina Karamanos","neutral"
"Sebastián Piñera","Cierre de Calles","positivo"
"Evelyn Matthei","Gabriel Boric","positivo"
"Natalia Piergentili","Gabriel Boric","neutral"
"Juan Pablo Swett","Gabriel Boric","positivo"
"Cristián Araya","Gabriel Boric","neutral"
"Chile Vamos","Gabriel Boric","neutral"
"Arturo Frei Bolívar","Eduardo Frei Montalva","negativo"
"Mario Arriagada","Gabriel Boric","neutral"
"Swett","Gabriel Boric","positivo"
"Giorgio Jackson","Matías Meza-Lopehandía","positivo"
"Sebastián Piñera","Gabriel Boric","positivo"
"Velorio","Luis Pareto","neutral"
"Delgado","Coloma","neutral"
"Michelle Bachelet","Gabriel Boric","neutral"
"Coloma","Bravo","positivo"
"Sebastián Piñera","Gabriel Boric","negativo"
"de México","Gabriel Boric","neutral"
"Frei Ruiz-Tagle","Gabriel Boric","positivo"
"Sebastián Piñera","Gabriel Boric","neutral"
"Natalia Piergentili","Gabriel Boric","neutral"
"Gabriel Boric","Apruebo Dignidad","neutral"
"Felipe Kast","Andrés Velasco","neutral"
"Karol Cariola","Gabriel Boric","neutral"
"Daniel Jadue","Natalia Piergentili","neutral"
"Daniel Jadue","Gabriel Boric","negativo"
"Diego Paulsen","Vallejo al Gobierno","neutral"
"Patricio Fernández","Gabriel Boric","neutral"
"Gabriel Boric","Frei Ruiz-Tagle","negativo"
"Emmanuel Macron","Gabriel Boric","positivo"
"Gabriel Boric","Sebastián Piñera","positivo"
"Sebastián Piñera","Gabriel Boric","positivo"
"Gabriel Boric","Sebastián Piñera","negativo"
"Sebastián Piñera","Gabriel Boric","positivo"
"José Antonio Viera-Gallo","Viera-Gallo","neutral"
"Javier Macaya  Macaya","Expresidenta Bachelet","negativo"
"Michelle Bachelet","Expresidenta Bachelet","neutral"
"Gabriel Boric  Boric","Zelensky","positivo"
"Ximena Rincón","Expresidenta Bachelet","positivo"
"Felipe Kast","Javier Milei","positivo"
"Van Klaveren","Diana Mondino","neutral"
"Gabriel Boric","Javier Milei","positivo"
"Isabel Orellana","Gabriel Boric","neutral"
"Michelle Bachelet","Expresidenta Bachelet","neutral"
"Sergio Micco  Amarillos","Sergio Micco","negativo"
"Isabel Orellana","canciller van Klaveren y Elizalde","neutral"
"Miguel Crispi","Catalina Pérez","positivo"
"Carlos Montes  Montes","Miguel Crispi","positivo"
"Sebastián Piñera","Camila Vallejo","neutral"
"Delgado","Bermúdez","negativo"
"Gabriel Boric  De","Gabriel Boric","negativo"
"Sebastián Piñera","Expresidenta Bachelet","positivo"
"Ana Lya Uriarte","Paulina Veloso","positivo"
"Pedro Barrientos","Víctor Jara","positivo"
"Gabriel Boric","Netanyahu","negativo"
"Emplazan","Miguel Crispi","positivo"
"Víctor Jara  Vallejo","Pedro Barrientos","neutral"
"Miguel Crispi","Avanzada Presidencial","positivo"
"Miguel Crispi  Declaración de exseremi","Miguel Crispi","positivo"
"Carlos Contreras","Avanzada Presidencial","positivo"
"Carlos Montes","Muñoz","neutral"
"Juan Gabriel Valdés","Kissinger","neutral"
"Felipe Kast","Camila Vallejo","neutral"
"Gabriel Boric","Matías Meza-Lopenhandía","neutral"
"Oposición  Macaya","Gabriel Boric","negativo"
"Javier Milei","Gabriel Boric","positivo"
"Camila Vallejo   Vallejo","Lagos Weber","positivo"
"Castro","Carlos Montes","neutral"
"Raúl Figueroa","Nicolás Cataldo","neutral"
"Javier Macaya  Macaya","Javier Milei","neutral"
"Antonia Orellana  Ley de Responsabilidad Parental","Isabel Orellana","negativo"
"Juan Antonio Coloma","Gabriel Boric","negativo"
"Eric Aedo","Frei Ruiz-Tagle","neutral"
"Eduardo Frei  Undurraga","Frei Ruiz-Tagle","neutral"
"Gabriel Boric","José Antonio Viera-Gallo","neutral"
"Caso Hermosilla","Luis Hermosilla","neutral"
"Camila Vallejo","Gabriel Boric","neutral"
"Matías Meza-Lopenhandía","Gabriel Boric","positivo"
"Lio de platas  Lío","Fisco","negativo"
"Gabriel Boric","Sebastián Piñera","neutral"
"Sebastián Piñera","Gabriel Boric","positivo"
"Javier Milei","Gabriel Boric","positivo"
"Gabriel Boric","Javier Milei","neutral"
"Francisco Vidal  Francisco Vidal","Gonzalo Pinochet","neutral"
"Gabriel Boric","Javier Milei","positivo"
"Gabriel Boric","Carolina Tohá","negativo"
"Gabriel Boric","Mandatario","positivo"
"Alenadra Krauss","Alejandra Krauss","positivo"
"Caso Hermosilla  Caso Hermosilla","Gabriel Boric","neutral"
"Sebastián Keitel  Keitel","Gloria Hutt","neutral"
"Luis Hermosilla  Marcel","Luis Hermosilla","positivo"
"Catalina Pérez  Líos de platas","Catalina Pérez","negativo"
"Sebastián Keitel  Senador Sebastián Keitel","Gloria Hutt","negativo"
"Sergio Micco  Rectora Devés","Sergio Micco","negativo"
"Camila Vallejo  Secuestros","Camila Vallejo","positivo"
"Javier Macaya","Oposición  Macaya","neutral"
"Expresidenta Bachelet","Sergio Massa","positivo"
"Sergio Micco  De","Sergio Micco","neutral"
"Carlos Montes  “No","Carlos Montes","neutral"
"Camila Vallejo  Deportistas","Camila Vallejo","neutral"
"Sergio Micco   Boric","Sergio Micco","neutral"
"seremías","Fiscalía","neutral"
"Rosa María Payá","Gabriel Boric","positivo"
"Pedro Castillo","Gabriel Boric","neutral"
"Alberto van Klaveren  Embajador de Chile","Van Klaveren","positivo"
"Miguel Crispi  Líos","Miguel Crispi","neutral"
"Boric   Boric","Joe Biden","positivo"
"Juan Antonio Coloma","Coloma","neutral"
"Gabriel Boric","Joe Biden","negativo"
"Gabriel Boric","Joe Biden","positivo"
"Gabriel Boric","Tirúa","positivo"
"Felipe Harboe","Subsecretario Monsalve","positivo"
"Álvaro Elizalde  Proceso","Álvaro Elizalde","neutral"
"Jaime Quintana  “Antidemocrático","Quintana","negativo"
"Gabriel Boric  Asociación Mundial de Periódicos y Editores de Noticias","Gabriel Boric","negativo"
"Grau","Gabriel Boric","positivo"
"Nicolás Grau  Oposición","Grau","neutral"
"Gabriel Boric   Boric","Joe Biden","neutral"
"Miguel Crispi  Gobierno","Miguel Crispi","neutral"
"Javier Macaya","Evelyn Matthei","neutral"
"Matías Meza-Lopenhandía","Miguel Crispi","positivo"
"Miguel Crispi  Montes","Miguel Crispi","neutral"
"Diego Vela","Tatiana Urrutia","neutral"
"Gloria Hutt  Presidenta de Evópoli","Javier Milei","negativo"
"Patricio Fernández","general Iturriaga","negativo"
"Gabriel Boric","Mahmoud Abbas","neutral"
"Miguel Crispi  Diego Vela","Miguel Crispi","neutral"
"Gil Artzyeli","Subsecretario Monsalve","neutral"
"Bárbara Figueroa","Víctor Jara","negativo"
"Subsecretario Monsalve","Embajador Artzyeli","negativo"
"Estallido Social   Jara","Sebastián Piñera","neutral"
"Estallido Social  Estallido","Matías Meza-Lopenhandía","negativo"
"Miguel Crispi","Subdere","positivo"
"Estallido Social  La “autocrítica","Larroulet","neutral"
"Estallido Social  Exministro Delgado","Matías Meza-Lopenhandía","neutral"
"Boric  Boric","Miguel Crispi","negativo"
"Miguel Crispi  El","Miguel Crispi","neutral"
"Bermúdez","Miguel Crispi","neutral"
"Miguel Crispi  Inasistencia de Crispi","Cordero","negativo"
"Miguel Crispi  Cordero","Miguel Crispi","neutral"
"Cristián Larroulet  Larroulet","Miguel Crispi","neutral"
"Miguel Crispi   Camila Vallejo","Miguel Crispi","negativo"
"Javier Macaya","Paulina Vodanovic","negativo"
"Gabriel Boric","José Venturelli","neutral"
"Gabriel Boric","Xi Jinping","positivo"
"Miguel Crispi  Gobierno","Miguel Crispi","neutral"
"Oposición  Macaya","Miguel Crispi","negativo"
"Gabriel Boric","Javiera Martínez","neutral"
"Luis Hermosilla","Miguel Crispi","neutral"
"Gabriel Boric","Carmen Hertz","neutral"
"Yeomans","Felipe Kast","negativo"
"Gabriel Boric","Matías Meza-Lopenhandía","positivo"
"Henry Leal","Evelyn Matthei","positivo"
"Gabriel Boric","Carolina Tohá","positivo"
"Lio de Platas  Lío","Miguel Crispi","negativo"
"Álvaro Elizalde","Gabriel Boric","neutral"
"Diego Vela","Tatiana Urrutia","positivo"
"Felipe Kast  Ley de Usurpaciones","Felipe Kast","neutral"
"Juan Antonio Coloma","Coloma","neutral"
"Cristian Labbé","Gabriel Boric","negativo"
"Eduardo Frei","Gabriel Boric","positivo"
"Nicolás Maduro","María Corina Machado","positivo"
"Lautaro Carmona","Bárbara Figueroa","neutral"
"Catalina Pérez  Democracia Viva","Catalina Pérez","positivo"
"Gabriel Boric","Orlando Letelier","neutral"
"Sebastián Piñera  Ejecutivo","Sebastián Piñera","negativo"
"Sebastián Piñera","Javier Milei","neutral"
"Paul Sfeir","Alejandro Köhler","negativo"
"Sebastián Piñera  Encabezado","Sebastián Piñera","neutral"
"Expresidenta Bachelet","Evelyn Matthei","positivo"
"Carmen Hertz","Gabriel Boric","neutral"
"Alberto van Klaveren  Discurso","Gabriel Boric","negativo"
"Plan de Búsqueda y Boric","Parada Militar","positivo"
"Gabriel Boric","Mandatario","negativo"
"Javier Macaya","Oposición  Macaya","neutral"
"Gustavo Benavente   Benavente","Salvador Allende","neutral"
"Gabriel Boric","Gonzalo Pinochet","positivo"
"11-S","Gabriel Boric","neutral"
"Michelle Bachelet","Expresidenta Bachelet","neutral"
"Gabriel Boric  Boric","Sebastián Piñera","neutral"
"Pepe Mujica","Salvador Allende","positivo"
"Salvador Allende","Gabriel Boric","neutral"
"Rodrigo Galilea","Paulina Núñez","negativo"
"Gabriel Boric","Sebastián Piñera","positivo"
"Javier Macaya","Gabriel Boric","negativo"
"Irací Hassler","Subsecretario Monsalve","positivo"
"la UDI","Gabriel Boric","neutral"
"Gabriel Boric","Frei Ruiz-Tagle","neutral"
"Gabriel Boric","Matías Meza-Lopenhandía","positivo"
"Gabriel Boric","Punta Peuco","neutral"
"Álvaro Elizalde","Chile Vamos","positivo"
"Gabriel Boric","Javiera Martínez","neutral"
"Gabriel Boric","Catalina Lagos","neutral"
"Gabriel Boric","Expresidenta Bachelet","neutral"
"Chile Vamos","Gabriel Boric","positivo"
"Quintana","Natalia Piergentili","neutral"
"Gabriel Boric","Sebastián Piñera","negativo"
"Senadora Gatica","Carlos Larraín","positivo"
"Ex Cubillos","Sebastián Piñera","negativo"
"Gabriel Boric","Sebastián Piñera","positivo"
"Javier Macaya  Macaya","Gabriel Boric","neutral"
"Patricia Hidalgo","Giorgio Jackson","negativo"
"Karol Cariola","Guillermo Teillier","positivo"
"Belisario Velasco  Jorge Donoso","Belisario Velasco","neutral"
"Plebiscito","Natalia Piergentili","negativo"
"Gloria Hutt","Nicolás Cataldo","positivo"
"Van Klaveren","Susana Herrera","neutral"
"Jorge Bermudez  Contralor","subsecretaria Lobos","neutral"
"Chile Vamos","Ivonne Mangelsdorff","negativo"
"Susana Herrera","Camila Vallejo","positivo"
"Gabriel Boric","Sebastián Piñera","neutral"
"Iván Moreira  Moreira","Salvador Allende","neutral"
"Coloma","Salvador Allende","neutral"
"Michelle Bachelet  Elizalde","Expresidenta Bachelet","positivo"
"Camila Vallejo","Catalina Pérez","neutral"
"Chile Vamos","Gabriel Boric","neutral"
"Nicolás Cataldo","Gabriel Boric","negativo"
"Carlos Montes","Giorgio Jackson","negativo"
"Ricardo Montero","Víctor Barrueto","neutral"
"Aurora Williams","Marcela Hernando","neutral"
"Francisca Perales","Nicolás Cataldo","neutral"
"Jaime de Aguirre","Culturas","neutral"
"Chile Vamos","Sebastián Piñera","negativo"
"Gabriel Boric","Onofre Jarpa","negativo"
"Gabriel Boric","Sebastián Piñera","neutral"
"Gabriel Boric","Sebastián Piñera","positivo"
"Francisco Undurraga  Jefe de s","Giorgio Jackson","neutral"
"Felipe Kast","Javier Milei","positivo"
"Carolina Tohá","Giorgio Jackson","neutral"
"Álvaro Elizalde","Giorgio Jackson","neutral"
"Alberto Espina  Hospitalizan","Alberto Espina","negativo"
"Camila Vallejo","Giorgio Jackson","neutral"
"Monsalve  Ley de Usurpaciones","Subsecretario Monsalve","neutral"
"Diego Ibáñez  Ibáñez","Correa Sutil","negativo"
"Miguel Ángel Calisto","Giorgio Jackson","neutral"
"Gabriel Boric","Giorgio Jackson","negativo"
"Agustín Romero  Subjefe","Giorgio Jackson","positivo"
"Carlos Montes  Consejo de Auditoría","Álvaro Elizalde","positivo"
"Gabriel Boric","Instagram","neutral"
"Luis Silva","Catalina Lagos","positivo"
"Amarillos","Sebastián Piñera","neutral"
"Diego Ibáñez  Ibáñez","Daniel Andrade","neutral"
"Daniel Jadue   Jadue","Ángel Valencia","negativo"
"Edmundo Eluchans  El desmarque","Eluchans","positivo"
"Mario Marcel","Giorgio Jackson","positivo"
"Raúl Soto","Giorgio Jackson","neutral"
"Gabriel Boric","Giorgio Jackson","positivo"
"Daniel Andrade","Gabriel Boric","neutral"
"Tohá-Girardi","Natalia Piergentili","neutral"
"subsecretaria de las Culturas","Andrea Gutiérrez","negativo"
"Quintana","Natalia Piergentili","positivo"
"Carlos Montes","Cordero","positivo"
"Gabriel Boric","Baquedano","positivo"
"Subsecretario Monsalve","Nicolás Cataldo","positivo"
"Gaspar Rivas","Jamás","neutral"
"Gabriel Boric","Giorgio Jackson","negativo"
"Gabriel Boric  Boric","Carolina Tohá","negativo"
"Gabriel Boric","Giorgio Jackson","neutral"
"Sebastián Piñera","Gabriel Boric","neutral"
"Camila Vallejo  “Mezquindad","Gabriel Boric","positivo"
"Subsecretario Monsalve","la UDI","neutral"
"Isabel Orellana","Giorgio Jackson","negativo"
"Cristián Labbé","Giorgio Jackson","negativo"
"Paulina Vodanovic  Vodanovic","Orsini-Valdivia","neutral"
"Camila Vallejo","Etcheberry","neutral"
"Luis Cordero  Cordero","Giorgio Jackson","neutral"
"Salvador Allende  Boric","Salvador Allende","positivo"
"Natalia Piergentili","Tohá-Girardi","positivo"
"Giorgio Jackson","Carlos Montes","neutral"
"Gabriel Boric","Baltasar Garzón","negativo"
"Gabriel Boric","Baltasar Garzón","neutral"
"Van Klaveren","Baltasar Garzón","positivo"
"Gabriel Boric  Boric","Baltasar Garzón","positivo"
"Van Klaveren","Gabriel Boric","positivo"
"Camila Vallejo","Daniel Jadue","neutral"
"Gabriel Boric","Pedro Sánchez","positivo"
"Jaime de Aguirre  De Aguirre","Patricio Fernández","negativo"
"Marco Antonio Ávila  Acusación","Verónica Undurraga","neutral"
"Gore Metropolitano","Giorgio Jackson","negativo"
"Gonzalo Pinochet","Mandatario","negativo"
"Paulina Vodanovic","Giorgio Jackson","positivo"
"Gonzalo Pinochet","Matías Meza-Lopenhandía","negativo"
"Javier Macaya  Líos de platas","Giorgio Jackson","neutral"
"Orsini-Valdivia","Telefonazo","neutral"
"Alessandri","Carlos Montes","negativo"
"Carolina Tohá","Patricio Fernández","negativo"
"Matías Meza-Lopenhandía","Gabriel Boric","negativo"
"Javier Millei  José Antonio Kast","Javier Milei","neutral"
"José Antonio Kast","Gabriel Boric","positivo"
"Miguel Crispi","subdere","positivo"
"Gabriel Boric","Patricio Fernández","positivo"
"Patricio Fernández","Gabriel Boric","neutral"
"Monckeberg","Carlos Montes","neutral"
"Carlos Montes","Giorgio Jackson","neutral"
"Sebastián Piñera","Carlos Montes","positivo"
"Javiera Toro  Boric","Javiera Toro","neutral"
"Carlos Montes  Lío","Carlos Montes","negativo"
"Gabriel Boric","Gabriela Elgueta","neutral"
"Catalina Pérez","Camila Vallejo","neutral"
"Catalina Pérez","Latorre","negativo"
"Daniela Dresdner","Gabriel Boric","neutral"
"Fidel Espinoza","seremi RD","neutral"
"Matías Meza-Lopenhandía","Lidia Casas","negativo"
"Catalina Pérez","Daniel Andrade","negativo"
"Camila Vallejo","Gabriel Boric","positivo"
"Gabriel Boric","Rojas Vade","positivo"
"Paulina Vodanovic","Rojas Vade","negativo"
"Gabriel Boric","subsecretaria de Vivienda Tatiana Rojas","neutral"
"Gabriel Boric","subsecretaria Lobos","negativo"
"Felipe Kast","Mejor Niñez","negativo"
"subsecretaria RD","Carlos Montes","positivo"
"Boris Barrera","Matías Meza-Lopenhandía","neutral"
"Javiera Martínez","Mejor Niñez","negativo"
"Catalina Pérez","Fiscalía","neutral"
"Beatriz Hevia","Gonzalo Pinochet","positivo"
"Gabriel Boric","Miguel Mellado","negativo"
"Miguel Mellado","Gabriel Boric","neutral"
"Miguel Mellado","Gabriel Boric","positivo"
"Gabriel Boric","Vlado Mirosevic","neutral"
"Ivón Guerra  Ivón Guerra","Jamás","neutral"
"Elisa Loncon","Bassa","neutral"
"Izkia Siches","Colmed","neutral"
"Sergio Micco","Amarillos","neutral"
"Oswaldo Payá","Miguel Díaz-Canel","negativo"
"Fernando Araos  Boric","Araos de Redes Asistenciales","positivo"
"Araos","Ivon Aguilera","neutral"
"Ivon Aguilera","Araos","negativo"
"Giorgio Jackson","Gabriel Boric","positivo"
"Gabriel Boric","Revolución Democrática","neutral"
"Gabriel Boric","Ivon Aguilera","positivo"
"Luis Silva","Gonzalo Pinochet","negativo"
"Ninoska Payauna","Beatriz Hevia","negativo"
"Gabriel Boric","Jessica González","neutral"
"Vivanco","Isapres","negativo"
"Aldo Valle  Aldo Valle","María Pardo","neutral"
"Latorre","Expresidenta Bachelet","neutral"
"Diosdado Cabello","Gabriel Boric","neutral"
"Gabriel Boric","Ojeda","positivo"
"Miguel Crispi","Gabriel Boric","neutral"
"José González","José Antonio González","positivo"
"Antonia Urrejola","Natalia Piergentili","negativo"
"Iván Moreira","Previsión Social","negativo"
"Expresidenta Bachelet","Avanzada Presidencial","neutral"
"Gabriel Boric","Natalia Piergentili","positivo"
"Subsecretario Monsalve","Gaspar Rivas","positivo"
"Matías Meza-Lopenhandía","Gabriel Boric","neutral"
"Coloma","Camila Vallejo","negativo"
"Chile Vamos","Felipe Kast","negativo"
"Oposición  Macaya","Camila Vallejo","neutral"
"Franco Parisi","Mañalich","positivo"
"Sebastián Piñera","Gustavo Petro","neutral"
"Jesucristo","Luis Silva","neutral"
"Ivon Aguilera","Gonzalo Pinochet","neutral"
"Luis Silva","Rodrigo Rojas Vade","negativo"
"Andrés Zaldívar","Jaime Ravinet","negativo"
"Franco Parisi","Añes","negativo"
"Patricio Bopp  Concejal","Patricio Bopp","neutral"
"Crisis migratoria","Subsecretario Monsalve","positivo"
"Juan Sutil","Diego Ibáñez","negativo"
"Juan Sutil","Diego Ibáñez","neutral"
"Evelyn Matthei","Camila Vallejo","positivo"
"Diego Ibáñez","Correa Sutil","neutral"
"Fabiola Campillai","María Luisa Cordero","neutral"
"Natalia Piergentili","Jaime Guzmán","neutral"
"Jaime Guzmán","Rojas Vade","negativo"
"Paulina Vodanovic","Álvaro Elizalde","neutral"
"Paulina Vodanovic","Álvaro Elizalde","neutral"
"Ricardo Lagos","Jaime Ravinet","positivo"
"Paulina Núñez","Francisco Chahuán","neutral"
"Álvaro Elizalde","Expresidenta Bachelet","positivo"
"Álvaro Elizalde","Ana Lya Uriarte","neutral"
"la UDI","Felipe Kast","negativo"
"Camila Vallejo","Gabriel Boric","neutral"
"Alinco","Karol Cariola","neutral"
"Uriarte","Camila Vallejo","positivo"
"Irací Hassler","Guillermo Teillier","positivo"
"Violencia","Subsecretario Monsalve","neutral"
"Gabriel Boric","Andar","neutral"
"Tribunal Supremo DC","Fuad Chahin","neutral"
"Matías Meza-Lopenhandía","Gabriel Boric","positivo"
"Gabriel Boric  Oposición","Gabriel Boric","neutral"
"s Boric","Patricio Fernández","positivo"
"Ley Nain-Retamal   Tohá","Nain-Retamal","neutral"
"Van Klaveren","Pedro Castillo","positivo"
"Lautaro Carmona","Gabriel Boric","neutral"
"Nain-Retamal","Eugenio Naín","positivo"
"Gabriel Boric  Asesinato","Gabriel Boric","negativo"
"Vlado Mirosevic","Rita Olivares","neutral"
"Rodolfo Carter","Gabriel Boric","neutral"
"Sebastián Piñera","Lasso","positivo"
"Gabriel Boric","Rodolfo Carter","neutral"
"Van Klaveren","Matías Meza-Lopenhandía","neutral"
"Gabriel Boric","Cordero","neutral"
"Indultos","Constanza Hube","neutral"
"Gabriel Boric","Van Klaveren","positivo"
"Gabriel Boric","Zelensky","neutral"
"Gabriel Salazar","Vlado Mirosevic","neutral"
"Ricardo Lagos","Jorge Mateluna","positivo"
"Camila Vallejo","Justicia","positivo"
"Gabriel Boric","Coloma","positivo"
"Subsecretario Monsalve","Gabriel Boric","positivo"
"Jaime Ravinet","Andrés Zaldívar","neutral"
"Evo Morales","Gabriel Boric","neutral"
"Juan Antonio Coloma","Francisco Huenchumilla","positivo"
"Subsecretario Monsalve","Delgado","neutral"
"Ximena Rincón","Matías Walker","neutral"
"Uriarte","Diputada Jiles","positivo"
"Camila Vallejo","Jorge Valdivia","neutral"
"Paulina Vodanovic","OO.PP","neutral"
"Paulina Vodanovic","Uriarte","negativo"
"Renuncias","Gabriel Boric","neutral"
"Van Klaveren","Gabriel Boric","positivo"
"Ripamonti","Gabriel Boric","positivo"
"Gabriel Boric","Sebastián Piñera","negativo"
"Gabriel Boric","Delgado","negativo"
"Uriarte","Delgado","neutral"
"Catalina Lagos","Natalia Piergentili","positivo"
"Gabriel Boric","Expresidenta Bachelet","positivo"
"Vlado Mirosevic","Delgado","neutral"
"Gabriel Boric","Verónica Undurraga","positivo"
"Luz Ebensperger  Luz Ebensperger","Coloma","neutral"
"Uriarte","Orsini-Valdivia","neutral"
"Camila Vallejo","Gabriel Boric","negativo"
"Gabriel Boric","Matías Meza-Lopenhandía","neutral"
"Uriarte","Orsini-Valdivia","neutral"
"Giorgio Jackson","Matías Meza-Lopenhandía","positivo"
"Gabriel Boric","Tucapel Jiménez","positivo"
"Gabriel Boric","Patricio Fernández","neutral"
"Julia Urquieta  Abogada","Pablo Neruda","positivo"
"Jouannet","Hércules","neutral"
"Gabriel Boric  Boric","Alberto Fernández","neutral"
"Alberto Fernández","ME-O","neutral"
"Andrés Palma","Nicolás Preuss","positivo"
"Paulina Vodanovic","Antonia Urrejola","neutral"
"Franco Parisi","Felipe Kast","neutral"
"Gabriel Boric","Santa Juana","neutral"
"Natalia Piergentili","Diego Ibáñez","positivo"
"Leonardo Soto","Expresidenta Bachelet","neutral"
"Sebastián Piñera","Gabriel Boric","positivo"
"Encuesta Criteria","Gabriel Boric","neutral"
"Fuad Chahin","David Morales","neutral"
"Rojo Edwards","Squella","negativo"
"José Antonio Kast","Rojo Edwards","negativo"
"Gabriel Boric","Colonia Dignidad","positivo"
"Gabriel Boric","Zelensky","neutral"
"José Antonio Kast  Kast","Franco Parisi","positivo"
"Gabriel Boric","Boluarte","neutral"
"Gabriel Boric","Marcela Ríos","negativo"
"Gabriel Boric","Antonia Urrejola","positivo"
"Alberto Fernández","Antonia Urrejola","positivo"
"Yasna Provoste","Harald Beyer","neutral"
"Gabriel Boric","Nicolás Maduro","positivo"
"Gabriel Boric","Nicolás Maduro","negativo"
"Guillermo Teillier","Tohá-Girardi","neutral"
"Giorgio Jackson","Sebastián Piñera","positivo"
"Raúl Soto","Apruebo Dignidad","negativo"
"Giorgio Jackson","Marcela Ríos","negativo"
"Axel Kaiser","Giorgio Jackson","neutral"
"Iván Moreira","Giorgio Jackson","positivo"
"Lavín","Giorgio Jackson","negativo"
"Uriarte","Giorgio Jackson","neutral"
"Loreto Carvajal","Giorgio Jackson","positivo"
"Solís","Matías Meza-Lopenhandía","neutral"
"Giorgio Jackson","Uriarte","neutral"
"Latorre","Tohá-Girardi","negativo"
"Mejor Niñez","Giorgio Jackson","positivo"
"Giorgio Jackson","Matías Meza-Lopenhandía","neutral"
"Ana Lya Uriarte","Giorgio Jackson","neutral"
"Gabriel Boric","Guillermo Teillier","positivo"
"Patricia Hidalgo","Giorgio Jackson","neutral"
"José Antonio Viera-Gallo","Marcela Ríos","neutral"
"angel valencia","Ángel Valencia","neutral"
"Eric Aedo  Jefe de s DC","Apruebo Dignidad","positivo"
"Gabriel Boric","Ángel Valencia","neutral"
"Gabriel Boric","Ángel Valencia","positivo"
"Michelle Bachelet","Expresidenta Bachelet","positivo"
"Ángel Valencia  La Fiscalía Nacional","Ángel Valencia","neutral"
"Gustavo Petro","Gabriel Boric","neutral"
"Marcela Ríos","Matías Meza-Lopenhandía","positivo"
"Gabriel Boric","Luis Cordero Vega","neutral"
"Gabriel Boric","Matías Meza-Lopenhandía","positivo"
"Gabriel Boric","Luis Castillo","negativo"
"Loreto Carvajal","Ángel Valencia","positivo"
"Carolina Tohá","Ángel Valencia","negativo"
"Javier Macaya","Matías Meza-Lopenhandía","negativo"
"Carolina Tohá","Gabriel Boric","neutral"
"Gabriel Boric","Jorge Mateluna","positivo"
"Gabriel Boric","descartes","neutral"
"Gabriel Boric","Jorge Mateluna","positivo"
"Lula","Gabriel Boric","positivo"
"Jorge Mateluna","Gabriel Boric","positivo"
"Gabriel Boric","Sebastián Depolo","neutral"
"Gabriel Boric","Lula da Silva","neutral"
"Ricardo Lagos","Lula da Silva","positivo"
"Pancho Malo","Oposición  Macaya","neutral"
"Delgado","Gabriel Boric","positivo"
"Gabriel Boric","Jorge Mateluna","positivo"
"Gabriel Boric","Jorge Mateluna","positivo"
"Camila Vallejo","Gabriel Boric","positivo"
"Gabriel Boric","Irina Karamanos","positivo"
"Gabriel Boric","Elisa Loncon","neutral"
"Gabriel Boric","Lula da Silva","neutral"
"Oposición  Macaya","Pancho Malo","neutral"
"Luis Maira","Matías Meza-Lopenhandía","positivo"
"Antonia Barra","Martín Pradenas","neutral"
"Camila Vallejo","Martín Pradenas","negativo"
"Sebastián Piñera","Gabriel Boric","positivo"
"Irací Hassler","Insinuar","negativo"
"Irací Hassler","Raúl Torrealba","negativo"
"Ana Lya Uriarte","Marta Herrera","positivo"
"Irací Hassler","Gabriel Boric","neutral"
"Ana Lya Uriarte","Marta Herrera","neutral"
"Gabriel Boric","Marta Herrera","positivo"
"Mujer","Ángel Valencia","positivo"
"Marta Herrera","Abbott","positivo"
"Gabriel Boric","Marta Herrera","positivo"
"Antonia Urrejola","Pedro Castillo","neutral"
"Antonia Urrejola","Rodrigo Castillo","positivo"
"Marta Herrera","Abbott","neutral"
"Abbott","Marta Herrera","neutral"
"José Antonio Kast","Sebastián Piñera","neutral"
"Gabriel Boric","Marta Herrera","neutral"
"Yovana Ahumada  Ahumada","Franco Parisi","positivo"
"Frei Ruiz-Tagle","Catalina Lagos","positivo"
"Catalina Lagos","Frei Ruiz-Tagle","neutral"
"Natalia Piergentili","Lautaro Carmona","negativo"
"Gabriel Boric","Expresidenta Bachelet","positivo"
"Gabriel Boric","Expresidenta Bachelet","positivo"
"Gabriel Boric","Expresidenta Bachelet","neutral"
"Zolezzi","Elisa Loncon","neutral"
"Patricia Hidalgo","Desarrollo Social","negativo"
"Giorgio Jackson","Camila Vallejo","neutral"
"Gabriel Boric","Pepe Mujica","neutral"
"Sebastián Piñera","Ricardo Lagos","neutral"
"Sebastián Piñera","Liceos Bicentenarios","neutral"
"Uriarte","José Morales","neutral"
"Jorge Saffirio","Joanna Pérez","negativo"
"Gabriel Boric","Oposición  Macaya","positivo"
"José Morales","Matías Meza-Lopenhandía","neutral"
"Carolina Tohá","José Morales","neutral"
"Catalina Lagos","Sebastián Piñera","neutral"
"Gabriel Boric","Patricio Aylwin","neutral"
"Gabriel Boric","Patricio Aylwin","positivo"
"Camila Vallejo","Agricultura","neutral"
"Beatriz Sánchez","Matías Meza-Lopenhandía","positivo"
"Gabriel Boric","AMLO","positivo"
"Nicolás Maduro","Antonia Urrejola","negativo"
"Uriarte","Fidel Espinoza","negativo"
"Uriarte","Manouchehri","neutral"
"Carolina Tohá","José Morales","positivo"
"Catalina Lagos","Sebastián Piñera","neutral"
"Alejandra Precht","Manuel Romero Núñez","neutral"
"Vlado Mirosevic","Nelson Mandela","neutral"
"Desbordes","Interior","negativo"
"Gabriel Boric","Xi Jinping","positivo"
"Matías Meza-Lopenhandía","Gabriel Boric","neutral"
"Fuad Chahin","Alberto Undurraga","neutral"
"Camila Vallejo","Gabriel Boric","negativo"
"Gabriel Boric","Víctor Ramos","positivo"
"Matías Meza-Lopenhandía","Gabriel Boric","neutral"
"Gabriel Boric","Beatriz Sánchez","positivo"
"Gabriel Boric","Beatriz Sánchez","neutral"
"Gabriel Boric","Matías Meza-Lopenhandía","negativo"
"Gabriel Boric","Matías Meza-Lopenhandía","positivo"
"Gabriel Boric","Vlado Mirosevic","positivo"
"Uriarte","Vlado Mirosevic","positivo"
"Camila Flores  Diputada","Camila Flores","neutral"
"Lagomarsino","Vlado Mirosevic","positivo"
"Eric Aedo","Uriarte","neutral"
"Vlado Mirosevic","Karol Cariola","positivo"
"Matías Meza-Lopenhandía","Cónclave","positivo"
"Diego Ibáñez","Eric Aedo","positivo"
"Carolina Tohá","Karol Cariola","positivo"
"Gabriel Boric","Lula","positivo"
"Mónica Rincón","Amarillos","positivo"
"Paulina Vodanovic","Karol Cariola","positivo"
"Gabriel Boric","Uriarte","negativo"
"Camila Vallejo","Karol Cariola","negativo"
"Daniel Jadue","Gabriel Boric","neutral"
"Gabriel Boric","Mauricio Hurtado","neutral"
"Karol Cariola","Sergio Micco","neutral"
"Ximena Rincón","Matías Walker","negativo"
"Sebastián Piñera","Gabriel Boric","negativo"
"Andrés Chadwick","Oposición  Macaya","neutral"
"Codina","Subsecretario Monsalve","positivo"
"Camila Vallejo","Apruebo Dignidad","positivo"
"Javiera Blanco","Hasbún","positivo"
"Subsecretario Monsalve","Matías Meza-Lopenhandía","positivo"
"Rafael Cumsille","Gabriel Boric","neutral"
"Daniel Jadue","Gabriel Boric","positivo"
"Carolina Tohá","Daniel Jadue","neutral"
"Isabel Orellana","Gabriel Boric","positivo"
"Gabriel Boric","Subsecretario Monsalve","neutral"
